{
  "dataset": "sklearn.datasets.load_wine",
  "architecture": "13 -> 16 -> ReLU -> 8 -> ReLU -> 3",
  "onnx_model": "models/wine_mlp.onnx",
  "onnx_opset_version": 18,
  "seed": 7,
  "epochs": 800,
  "train_accuracy": 1.0,
  "test_accuracy": 0.9777777777777777,
  "onnx_max_abs_diff": 9.5367431640625e-07,
  "default_epsilon": 0.03,
  "feature_names": [
    "alcohol",
    "malic_acid",
    "ash",
    "alcalinity_of_ash",
    "magnesium",
    "total_phenols",
    "flavanoids",
    "nonflavanoid_phenols",
    "proanthocyanins",
    "color_intensity",
    "hue",
    "od280/od315_of_diluted_wines",
    "proline"
  ],
  "target_names": [
    "class_0",
    "class_1",
    "class_2"
  ],
  "scaler_mean": [
    12.98947368707872,
    2.421503758520112,
    2.3576691733267072,
    19.60375940710082,
    99.78947368421052,
    2.274135336840063,
    2.036992493428682,
    0.35684210398143396,
    1.5871428542567374,
    5.003082685004499,
    0.9677142834753022,
    2.607969925815898,
    753.9323308270676
  ],
  "scaler_scale": [
    0.7913349583420201,
    1.1809544378465178,
    0.27181895609548745,
    3.312596273987332,
    14.084627481830646,
    0.6040566258426744,
    0.9861301262223128,
    0.12261173136976314,
    0.5715808084661267,
    2.1635077073818967,
    0.2341839319826912,
    0.7209681909811855,
    323.1044942706238
  ],
  "verification_sample": {
    "test_index": 44,
    "true_class": 0,
    "predicted_class": 0,
    "logits": [
      16.926984786987305,
      -13.680516242980957,
      -10.544569969177246
    ],
    "margin": 27.471553802490234,
    "original_input": [
      14.380000114440918,
      1.8700000047683716,
      2.380000114440918,
      12.0,
      102.0,
      3.299999952316284,
      3.640000104904175,
      0.28999999165534973,
      2.9600000381469727,
      7.5,
      1.2000000476837158,
      3.0,
      1547.0
    ],
    "normalized_input": [
      1.7571910619735718,
      -0.4669983386993408,
      0.08215393871068954,
      -2.295408010482788,
      0.15694597363471985,
      1.6982921361923218,
      1.625553846359253,
      -0.5451526641845703,
      2.401860237121582,
      1.1541060209274292,
      0.9918944239616394,
      0.5437549352645874,
      2.454523801803589
    ]
  }
}